step,train_loss,val_loss,lr,elapsed_s
0,4.2714056968688965,4.271693229675293,2.9999999999999997e-06,2.876279354095459
250,2.2539827823638916,2.2642204761505127,0.00029586903590180956,25.75916314125061
500,1.9627859592437744,2.0373642444610596,0.0002715339687685131,48.71899628639221
750,1.7926433086395264,1.92110276222229,0.0002292528980600049,71.70148944854736
1000,1.689061164855957,1.8543524742126465,0.00017614821163876486,94.63640713691711
1250,1.6176632642745972,1.7956658601760864,0.00012116557165736772,117.59927177429199
1500,1.573225736618042,1.7516385316848755,7.356698783052497e-05,140.5893714427948
1750,1.5550947189331055,1.741249442100525,4.137060090156724e-05,163.52646398544312
1999,1.5433017015457153,1.716819167137146,3.0000184542422522e-05,186.39062213897705
