experiment,value,params,train_loss,val_loss,perplexity,train_time_s,tokens_per_s,peak_mem_mb
depth,2,1613312,1.6524,1.8202,6.17,87.5,187213,439
depth,4,3192832,1.5411,1.715,5.56,166.2,98595,800
depth,6,4772352,1.4905,1.6819,5.38,245.2,66822,1160
heads,2,3192832,1.5453,1.7258,5.62,157.5,104041,740
heads,4,3192832,1.5411,1.715,5.56,165.7,98856,806
heads,8,3192832,1.5454,1.7257,5.62,186.5,87864,950
context,64,3192832,1.5907,1.7504,5.76,83.1,98554,401
context,128,3192832,1.5411,1.715,5.56,166.1,98617,806
context,256,3192832,1.5156,1.7081,5.52,362.3,90445,1821
